,tweet
0,PENANDATANGANAN NOTA KESEPAHAMAN DAN PERJANJIAN KERJA SAMA  ANTARA UNIVERSITAS TRUNOJOYO MADURA DAN RUANG GURU Tentang Tri Dharma Perguruan Tinggi @ Universitas Trunojoyo  https://t.co/k4g8o1q5W3
1,DESA BINAAN  BERBASIS POTENSI LOKAL  ‚Äú PENTINGNYA KESADARAN HUKUM BAGI MASYARAKAT DESA BIRA TENGAH KABUPATEN SAMPANG Dalam Rangka Dies Natalis Yang Ke 41 Fakultas Hukum @ Universitas Trunojoyo  https://t.co/1UgxzJie0G
2,Download Logo Universitas Trunojoyo Madura Vector  https://t.co/ZP7ZLTlxjX
3,"[Unit Kegiatan Mahasiswa Universitas Trunojoyo Madura]  Hello Choristers‚ú® We‚Äôre Comeback! So, untuk kali ini PS Golden mengadakan kegiatan Choral Clinic yang akan dilaksanakan pada :  Hari : Minggu Tanggal : 9 Oktober 2022 Pukul : 09.00 - Selesai Tempat : Aula RKB A  https://t.co/1cQVwdQIui"
4,KONGRES IKATAN ALUMNI FAKULTAS HUKUM UNIVERSITAS TRUNOJOYO MADURA ‚Äú KOLABORASI ALUMNI UNTUK MEWUJUDKAN FAKULTAS HUKUM UTM YANG KOMPAK DAN BERKAH‚Äù @ Universitas Trunojoyo  https://t.co/jpvxyZvjTk
5,"[UKM PADUAN SUARA GOLDEN UNIVERSITAS TRUNOJOYO MADURA]  Assalamu'alaikum Wr. Wb. Selamat Pagiüí´ PS Golden Jossüí™üèø  Kami segenap keluarga besar Unit Kegiatan Mahasiswa Paduan Suara Golden mengucapkan SELAMAT MEMPERINGATI MAULID NABI MUHAMMAD SAW, 12 RABIUL AWAL 1444 HIJRIAH  https://t.co/OWbZYTFT8V"
6,"BEDAH BUKU BIOGRAFI SYAICHONA MOH. CHOLIL GURU PARA ULAMA DAN PAHLAWAN NASIONAL, DALAM RANGKA DIES NATALIS FAKULTAS HUKUM UNIVERSITAS TRUNOJOYO MADURA YANG 41. @ Universitas Trunojoyo  https://t.co/Z3c1oa6F54"
7,@sbmptnfess Universitas trunojoyo madura
8,Anggota kelompok : -Mohammad Afrizal (220111100002) - Novi Tri Ulfatul Fajriah (220111100008)  -Albani Imam Firdaus (220111100015) - nur muia isnai angraini (220111100011) -Hengky Prasetya (2201111000389)  Kelas A Prodi Ilmu Hukum Fakultas Hukum Universitas Trunojoyo Madura 2022
9,Anggota kelompok : -Mohammad Afrizal (220111100002) - Novi Tri Ulfatul Fajriah (220111100008)  -Albani Imam Firdaus (220111100015) - nur muia isnai angraini (220111100011) -Hengky Prasetya (2201111000389) Kelas A Prodi Ilmu Hukum Fakultas Hukum Universitas Trunojoyo Madura 2022
10,@convomfs UTM. Universitas Trunojoyo Madura murceee. UKT tertinggi 3jt gais
11,[UKM PADUAN SUARA GOLDEN UNIVERSITAS TRUNOJOYO MADURA]  Assalamu'alaikum Wr. Wb. Selamat Soreüí´ PS Golden Jossüí™  Kami segenap keluarga besar Unit Kegiatan Mahasiswa Paduan Suara Golden mengucapkan Selamat Hari Guru Sedunia 2022  https://t.co/vrU7akz1Xw
12,Baru saja mengirim foto @ Universitas Trunojoyo Madura  https://t.co/fXeUN3vGyh
13,"universitas Trunojoyo madura. ukt paling tingginya 3 jt, jeleknya cuma dapet understimate dari temen sekelas pas sma aja sihü§óü§óü§óü§óü§óü§óü§óü§óü§óü§óüòî"
14,"Apakah langkah Partai Nasdem terlalu cepat ?   Live:   1. Ketua Fraksi Partai Nasdem DKI Jakarta Wibi Andrino  2. Pengamat Politik dari Universitas Trunojoyo Madura, Surochim Abdussalam  https://t.co/scPqizgXR0"
15,1. Wakil Ketua MK Aswanto memberikan ceramah dalam kegiatan Ngaji Konstitusi dengan tema ‚ÄúKonstitusi dan Tanggung Jawab Negara dalam Mewujudkan Adil dan Makmur‚Äù yang diselenggarakan oleh Fakultas Hukum Universitas Trunojoyo Madura (UTM) pada Jumat (30/9). (2/5)  https://t.co/IavepSm9ra
16,[UKM PADUAN SUARA GOLDEN UNIVERSITAS TRUNOJOYO MADURA]  Assalamualaikum Wr. Wb. Selamat Siang PS Golden Jossüí™  Kami segenap keluarga besar Unit Kegiatan Mahasiswa Paduan Suara Golden mengucapkan Selamat Menempuh Ujian Tengah Semester Gasal TA 2022/2023  https://t.co/n93zMiN1fz
17,"[UKM PADUAN SUARA GOLDEN UNIVERSITAS TRUNOJOYO MADURA]  Assalamu'alaikum Wr. Wb. Selamat Pagiüí´ Ps Golden Jossüí™üèº  Segenap Keluarga UKM Paduan Suara Golden UTM Mengucapkan Turut Berduka Cita atas Insiden yang Terjadi di Stadion Kanjuruhan, Malang  https://t.co/Dr9eju3Qc0"
